{
  "model/models-dbg.js": 1618252590920,
  "controller/App.controller.js": 1621010692809,
  "model/json/Employees.json": 1621879361500,
  "model/json/Countries.json": 1621879365920,
  "manifest.json": 1621880490155,
  "model/models.js": 1618252590920,
  "model/formatter.js": 1619997090108,
  "controller/OrderDetails.controller.js": 1621617234568,
  "controller/MasterEmployee.controller.js": 1621535973550,
  "controller/Main.controller.js": 1621879694031,
  "controller/EmployeeDetails.controller.js": 1621014796775,
  "controller/Base.controller.js": 1621014796775,
  "model/json/Layout.json": 1621879355828,
  "control/Signature.js": 1621196085594,
  "Component.js": 1620328680783,
  "manifest-bundle.zip": 1621880489625,
  "Component-preload.js": 1621880490064,
  "controller/OrderDetails-dbg.controller.js": 1621617234568,
  "model/formatter-dbg.js": 1619997090108,
  "i18n/i18n.properties": 1621199629468,
  "controller/MasterEmployee-dbg.controller.js": 1621535973550,
  "controller/Main-dbg.controller.js": 1621879694031,
  "controller/EmployeeDetails-dbg.controller.js": 1621014796775,
  "controller/Base-dbg.controller.js": 1621014796775,
  "controller/App-dbg.controller.js": 1621010692809,
  "control/Signature-dbg.js": 1621196085594,
  "Component-dbg.js": 1620328680783,
  "resources.json": 1621880490158,
  "view/OrderDetails.view.xml": 1621616630164,
  "view/MasterEmployee.view.xml": 1619988447190,
  "view/Main.view.xml": 1620669494985,
  "view/EmployeeDetails.view.xml": 1620566005414,
  "view/App.view.xml": 1620669543437,
  "fragment/TableOrders.fragment.xml": 1620672327686,
  "fragment/TableEmployee.fragment.xml": 1620154414024,
  "fragment/NewIncidence.fragment.xml": 1620557896260,
  "fragment/DialogOrders.fragment.xml": 1620566005414,
  "css/style.css": 1619945790315,
  "index.html": 1621012827976
}